date,day,week,phase,hub,type,slug,working_title,category_id,focus_keyword,draft_path,status,post_id
2026-10-05,Mon,W01,A,H2-small-estate,hub,small-estate-affidavit-limits-by-state,Small Estate Affidavit Limits by State (2026),7,small estate affidavit limits by state,workspace/drafts/H2-small-estate/small-estate-affidavit-limits-by-state.html,planned,
2026-10-06,Tue,W01,A,H2-small-estate,spoke,texas-small-estate-affidavit,"Texas Small Estate Affidavit (2026): Limit, Rules & Form",7,texas small estate affidavit,workspace/drafts/H2-small-estate/texas-small-estate-affidavit.html,planned,
2026-10-07,Wed,W01,A,H2-small-estate,spoke,california-small-estate-affidavit,"California Small Estate Affidavit (2026): Limit, Rules & Form",7,california small estate affidavit,workspace/drafts/H2-small-estate/california-small-estate-affidavit.html,planned,
2026-10-08,Thu,W01,A,H2-small-estate,spoke,florida-small-estate-affidavit,"Florida Small Estate Affidavit (2026): Limit, Rules & Form",7,florida small estate affidavit,workspace/drafts/H2-small-estate/florida-small-estate-affidavit.html,planned,
2026-10-09,Fri,W01,A,H2-small-estate,spoke,illinois-small-estate-affidavit,"Illinois Small Estate Affidavit (2026): Limit, Rules & Form",7,illinois small estate affidavit,workspace/drafts/H2-small-estate/illinois-small-estate-affidavit.html,planned,
2026-10-12,Mon,W02,A,H2-small-estate,spoke,new-york-small-estate-affidavit,"New York Small Estate Affidavit (2026): Limit, Rules & Form",7,new york small estate affidavit,workspace/drafts/H2-small-estate/new-york-small-estate-affidavit.html,planned,
2026-10-13,Tue,W02,A,H2-small-estate,spoke,pennsylvania-small-estate-affidavit,"Pennsylvania Small Estate Affidavit (2026): Limit, Rules & Form",7,pennsylvania small estate affidavit,workspace/drafts/H2-small-estate/pennsylvania-small-estate-affidavit.html,planned,
2026-10-14,Wed,W02,A,H2-small-estate,spoke,ohio-small-estate-affidavit,"Ohio Small Estate Affidavit (2026): Limit, Rules & Form",7,ohio small estate affidavit,workspace/drafts/H2-small-estate/ohio-small-estate-affidavit.html,planned,
2026-10-15,Thu,W02,A,H2-small-estate,spoke,michigan-small-estate-affidavit,"Michigan Small Estate Affidavit (2026): Limit, Rules & Form",7,michigan small estate affidavit,workspace/drafts/H2-small-estate/michigan-small-estate-affidavit.html,planned,
2026-10-16,Fri,W02,A,H2-small-estate,spoke,virginia-small-estate-affidavit,"Virginia Small Estate Affidavit (2026): Limit, Rules & Form",7,virginia small estate affidavit,workspace/drafts/H2-small-estate/virginia-small-estate-affidavit.html,planned,
2026-10-19,Mon,W03,A,H2-small-estate,spoke,indiana-small-estate-affidavit,"Indiana Small Estate Affidavit (2026): Limit, Rules & Form",7,indiana small estate affidavit,workspace/drafts/H2-small-estate/indiana-small-estate-affidavit.html,planned,
2026-10-20,Tue,W03,A,H2-small-estate,spoke,georgia-small-estate-affidavit,"Georgia Small Estate Affidavit (2026): Limit, Rules & Form",7,georgia small estate affidavit,workspace/drafts/H2-small-estate/georgia-small-estate-affidavit.html,planned,
2026-10-21,Wed,W03,A,H2-small-estate,spoke,north-carolina-small-estate-affidavit,"North Carolina Small Estate Affidavit (2026): Limit, Rules & Form",7,north carolina small estate affidavit,workspace/drafts/H2-small-estate/north-carolina-small-estate-affidavit.html,planned,
2026-10-22,Thu,W03,A,H2-small-estate,spoke,arizona-small-estate-affidavit,"Arizona Small Estate Affidavit (2026): Limit, Rules & Form",7,arizona small estate affidavit,workspace/drafts/H2-small-estate/arizona-small-estate-affidavit.html,planned,
2026-10-23,Fri,W03,A,H2-small-estate,spoke,washington-small-estate-affidavit,"Washington Small Estate Affidavit (2026): Limit, Rules & Form",7,washington small estate affidavit,workspace/drafts/H2-small-estate/washington-small-estate-affidavit.html,planned,
2026-10-26,Mon,W04,A,H2-small-estate,spoke,new-jersey-small-estate-affidavit,"New Jersey Small Estate Affidavit (2026): Limit, Rules & Form",7,new jersey small estate affidavit,workspace/drafts/H2-small-estate/new-jersey-small-estate-affidavit.html,planned,
2026-10-27,Tue,W04,A,H2-small-estate,spoke,tennessee-small-estate-affidavit,"Tennessee Small Estate Affidavit (2026): Limit, Rules & Form",7,tennessee small estate affidavit,workspace/drafts/H2-small-estate/tennessee-small-estate-affidavit.html,planned,
2026-10-28,Wed,W04,A,H2-small-estate,spoke,missouri-small-estate-affidavit,"Missouri Small Estate Affidavit (2026): Limit, Rules & Form",7,missouri small estate affidavit,workspace/drafts/H2-small-estate/missouri-small-estate-affidavit.html,planned,
2026-10-29,Thu,W04,A,H2-small-estate,spoke,maryland-small-estate-affidavit,"Maryland Small Estate Affidavit (2026): Limit, Rules & Form",7,maryland small estate affidavit,workspace/drafts/H2-small-estate/maryland-small-estate-affidavit.html,planned,
2026-10-30,Fri,W04,A,H2-small-estate,spoke,colorado-small-estate-affidavit,"Colorado Small Estate Affidavit (2026): Limit, Rules & Form",7,colorado small estate affidavit,workspace/drafts/H2-small-estate/colorado-small-estate-affidavit.html,planned,
2026-11-02,Mon,W05,A,H1-small-claims,hub-upgrade,small-claims-court-filing-limits-and-fees,Small Claims Court Limits & Fees by State (2026),8,small claims court limits by state,workspace/drafts/H1-small-claims/small-claims-court-filing-limits-and-fees.html,planned,
2026-11-03,Tue,W05,A,H1-small-claims,spoke,california-small-claims-court,"California Small Claims Court (2026): Limit, Fees & How to File",8,california small claims court,workspace/drafts/H1-small-claims/california-small-claims-court.html,planned,
2026-11-04,Wed,W05,A,H1-small-claims,spoke,texas-small-claims-court,"Texas Small Claims Court (2026): Limit, Fees & How to File",8,texas small claims court,workspace/drafts/H1-small-claims/texas-small-claims-court.html,planned,
2026-11-05,Thu,W05,A,H1-small-claims,spoke,florida-small-claims-court,"Florida Small Claims Court (2026): Limit, Fees & How to File",8,florida small claims court,workspace/drafts/H1-small-claims/florida-small-claims-court.html,planned,
2026-11-06,Fri,W05,A,H1-small-claims,spoke,new-york-small-claims-court,"New York Small Claims Court (2026): Limit, Fees & How to File",8,new york small claims court,workspace/drafts/H1-small-claims/new-york-small-claims-court.html,planned,
2026-11-09,Mon,W06,A,H1-small-claims,spoke,ohio-small-claims-court,"Ohio Small Claims Court (2026): Limit, Fees & How to File",8,ohio small claims court,workspace/drafts/H1-small-claims/ohio-small-claims-court.html,planned,
2026-11-10,Tue,W06,A,H1-small-claims,spoke,michigan-small-claims-court,"Michigan Small Claims Court (2026): Limit, Fees & How to File",8,michigan small claims court,workspace/drafts/H1-small-claims/michigan-small-claims-court.html,planned,
2026-11-11,Wed,W06,A,H1-small-claims,spoke,pennsylvania-small-claims-court,"Pennsylvania Small Claims Court (2026): Limit, Fees & How to File",8,pennsylvania small claims court,workspace/drafts/H1-small-claims/pennsylvania-small-claims-court.html,planned,
2026-11-12,Thu,W06,A,H1-small-claims,spoke,illinois-small-claims-court,"Illinois Small Claims Court (2026): Limit, Fees & How to File",8,illinois small claims court,workspace/drafts/H1-small-claims/illinois-small-claims-court.html,planned,
2026-11-13,Fri,W06,A,H1-small-claims,spoke,georgia-small-claims-court,"Georgia Small Claims Court (2026): Limit, Fees & How to File",8,georgia small claims court,workspace/drafts/H1-small-claims/georgia-small-claims-court.html,planned,
2026-11-16,Mon,W07,A,H1-small-claims,spoke,north-carolina-small-claims-court,"North Carolina Small Claims Court (2026): Limit, Fees & How to File",8,north carolina small claims court,workspace/drafts/H1-small-claims/north-carolina-small-claims-court.html,planned,
2026-11-17,Tue,W07,A,H1-small-claims,spoke,virginia-small-claims-court,"Virginia Small Claims Court (2026): Limit, Fees & How to File",8,virginia small claims court,workspace/drafts/H1-small-claims/virginia-small-claims-court.html,planned,
2026-11-18,Wed,W07,A,H1-small-claims,spoke,arizona-small-claims-court,"Arizona Small Claims Court (2026): Limit, Fees & How to File",8,arizona small claims court,workspace/drafts/H1-small-claims/arizona-small-claims-court.html,planned,
2026-11-19,Thu,W07,A,H1-small-claims,spoke,colorado-small-claims-court,"Colorado Small Claims Court (2026): Limit, Fees & How to File",8,colorado small claims court,workspace/drafts/H1-small-claims/colorado-small-claims-court.html,planned,
2026-11-20,Fri,W07,A,H1-small-claims,spoke,washington-small-claims-court,"Washington Small Claims Court (2026): Limit, Fees & How to File",8,washington small claims court,workspace/drafts/H1-small-claims/washington-small-claims-court.html,planned,
2026-11-23,Mon,W08,A,H1-small-claims,spoke,new-jersey-small-claims-court,"New Jersey Small Claims Court (2026): Limit, Fees & How to File",8,new jersey small claims court,workspace/drafts/H1-small-claims/new-jersey-small-claims-court.html,planned,
2026-11-24,Tue,W08,A,H1-small-claims,spoke,tennessee-small-claims-court,"Tennessee Small Claims Court (2026): Limit, Fees & How to File",8,tennessee small claims court,workspace/drafts/H1-small-claims/tennessee-small-claims-court.html,planned,
2026-11-25,Wed,W08,A,H1-small-claims,spoke,massachusetts-small-claims-court,"Massachusetts Small Claims Court (2026): Limit, Fees & How to File",8,massachusetts small claims court,workspace/drafts/H1-small-claims/massachusetts-small-claims-court.html,planned,
2026-11-26,Thu,W08,A,H1-small-claims,spoke,maryland-small-claims-court,"Maryland Small Claims Court (2026): Limit, Fees & How to File",8,maryland small claims court,workspace/drafts/H1-small-claims/maryland-small-claims-court.html,planned,
2026-11-27,Fri,W08,A,H1-small-claims,spoke,utah-small-claims-court,"Utah Small Claims Court (2026): Limit, Fees & How to File",8,utah small claims court,workspace/drafts/H1-small-claims/utah-small-claims-court.html,planned,
2026-11-30,Mon,W09,A,H3-divorce,hub,divorce-requirements-by-state,"Divorce Requirements by State (2027): Fees, Residency, Waiting",7,divorce requirements by state,workspace/drafts/H3-divorce/divorce-requirements-by-state.html,planned,
2026-12-01,Tue,W09,A,H3-divorce,spoke,how-to-file-for-divorce-in-texas,How to File for Divorce in Texas (2027): Fees & Steps,8,how to file for divorce in texas,workspace/drafts/H3-divorce/how-to-file-for-divorce-in-texas.html,planned,
2026-12-02,Wed,W09,A,H3-divorce,spoke,how-to-file-for-divorce-in-california,How to File for Divorce in California (2027): Fees & Steps,8,how to file for divorce in california,workspace/drafts/H3-divorce/how-to-file-for-divorce-in-california.html,planned,
2026-12-03,Thu,W09,A,H3-divorce,spoke,how-to-file-for-divorce-in-florida,How to File for Divorce in Florida (2027): Fees & Steps,8,how to file for divorce in florida,workspace/drafts/H3-divorce/how-to-file-for-divorce-in-florida.html,planned,
2026-12-04,Fri,W09,A,H3-divorce,spoke,how-to-file-for-divorce-in-new-york,How to File for Divorce in New York (2027): Fees & Steps,8,how to file for divorce in new york,workspace/drafts/H3-divorce/how-to-file-for-divorce-in-new-york.html,planned,
2026-12-07,Mon,W10,A,H3-divorce,spoke,how-to-file-for-divorce-in-pennsylvania,How to File for Divorce in Pennsylvania (2027): Fees & Steps,8,how to file for divorce in pennsylvania,workspace/drafts/H3-divorce/how-to-file-for-divorce-in-pennsylvania.html,planned,
2026-12-08,Tue,W10,A,H3-divorce,spoke,how-to-file-for-divorce-in-illinois,How to File for Divorce in Illinois (2027): Fees & Steps,8,how to file for divorce in illinois,workspace/drafts/H3-divorce/how-to-file-for-divorce-in-illinois.html,planned,
2026-12-09,Wed,W10,A,H3-divorce,spoke,how-to-file-for-divorce-in-ohio,How to File for Divorce in Ohio (2027): Fees & Steps,8,how to file for divorce in ohio,workspace/drafts/H3-divorce/how-to-file-for-divorce-in-ohio.html,planned,
2026-12-10,Thu,W10,A,H3-divorce,spoke,how-to-file-for-divorce-in-georgia,How to File for Divorce in Georgia (2027): Fees & Steps,8,how to file for divorce in georgia,workspace/drafts/H3-divorce/how-to-file-for-divorce-in-georgia.html,planned,
2026-12-11,Fri,W10,A,H3-divorce,spoke,how-to-file-for-divorce-in-north-carolina,How to File for Divorce in North Carolina (2027): Fees & Steps,8,how to file for divorce in north carolina,workspace/drafts/H3-divorce/how-to-file-for-divorce-in-north-carolina.html,planned,
2026-12-14,Mon,W11,A,H3-divorce,spoke,how-to-file-for-divorce-in-michigan,How to File for Divorce in Michigan (2027): Fees & Steps,8,how to file for divorce in michigan,workspace/drafts/H3-divorce/how-to-file-for-divorce-in-michigan.html,planned,
2026-12-15,Tue,W11,A,H3-divorce,spoke,how-to-file-for-divorce-in-new-jersey,How to File for Divorce in New Jersey (2027): Fees & Steps,8,how to file for divorce in new jersey,workspace/drafts/H3-divorce/how-to-file-for-divorce-in-new-jersey.html,planned,
2026-12-16,Wed,W11,A,H3-divorce,spoke,how-to-file-for-divorce-in-virginia,How to File for Divorce in Virginia (2027): Fees & Steps,8,how to file for divorce in virginia,workspace/drafts/H3-divorce/how-to-file-for-divorce-in-virginia.html,planned,
2026-12-17,Thu,W11,A,H3-divorce,spoke,how-to-file-for-divorce-in-washington,How to File for Divorce in Washington (2027): Fees & Steps,8,how to file for divorce in washington,workspace/drafts/H3-divorce/how-to-file-for-divorce-in-washington.html,planned,
2026-12-18,Fri,W11,A,H3-divorce,spoke,how-to-file-for-divorce-in-arizona,How to File for Divorce in Arizona (2027): Fees & Steps,8,how to file for divorce in arizona,workspace/drafts/H3-divorce/how-to-file-for-divorce-in-arizona.html,planned,
2026-12-21,Mon,W12,A,H3-divorce,spoke,how-to-file-for-divorce-in-tennessee,How to File for Divorce in Tennessee (2027): Fees & Steps,8,how to file for divorce in tennessee,workspace/drafts/H3-divorce/how-to-file-for-divorce-in-tennessee.html,planned,
2026-12-22,Tue,W12,A,H3-divorce,spoke,how-to-file-for-divorce-in-colorado,How to File for Divorce in Colorado (2027): Fees & Steps,8,how to file for divorce in colorado,workspace/drafts/H3-divorce/how-to-file-for-divorce-in-colorado.html,planned,
2026-12-23,Wed,W12,A,H3-divorce,spoke,how-to-file-for-divorce-in-indiana,How to File for Divorce in Indiana (2027): Fees & Steps,8,how to file for divorce in indiana,workspace/drafts/H3-divorce/how-to-file-for-divorce-in-indiana.html,planned,
2026-12-24,Thu,W12,A,H3-divorce,spoke,how-to-file-for-divorce-in-missouri,How to File for Divorce in Missouri (2027): Fees & Steps,8,how to file for divorce in missouri,workspace/drafts/H3-divorce/how-to-file-for-divorce-in-missouri.html,planned,
2026-12-25,Fri,W12,A,H3-divorce,spoke,how-to-file-for-divorce-in-massachusetts,How to File for Divorce in Massachusetts (2027): Fees & Steps,8,how to file for divorce in massachusetts,workspace/drafts/H3-divorce/how-to-file-for-divorce-in-massachusetts.html,planned,
2027-01-04,Mon,W14,A,H4-judgment,hub,judgment-interest-rates-by-state,Judgment Interest Rates by State (2027) + Calculator,6,judgment interest rates by state,workspace/drafts/H4-judgment/judgment-interest-rates-by-state.html,planned,
2027-01-05,Tue,W14,A,H4-judgment,hub,wage-garnishment-laws-by-state,Wage Garnishment Laws by State (2027): How Much Is Protected,8,wage garnishment laws by state,workspace/drafts/H4-judgment/wage-garnishment-laws-by-state.html,planned,
2027-01-06,Wed,W14,A,H4-judgment,spoke,texas-wage-garnishment-laws,Texas Wage Garnishment Laws (2027): Limits & Exemptions,8,texas wage garnishment laws,workspace/drafts/H4-judgment/texas-wage-garnishment-laws.html,planned,
2027-01-07,Thu,W14,A,H4-judgment,spoke,california-wage-garnishment-laws,California Wage Garnishment Laws (2027): Limits & Exemptions,8,california wage garnishment laws,workspace/drafts/H4-judgment/california-wage-garnishment-laws.html,planned,
2027-01-08,Fri,W14,A,H4-judgment,spoke,florida-wage-garnishment-laws,Florida Wage Garnishment Laws (2027): Limits & Exemptions,8,florida wage garnishment laws,workspace/drafts/H4-judgment/florida-wage-garnishment-laws.html,planned,
2027-01-11,Mon,W15,A,H4-judgment,spoke,new-york-wage-garnishment-laws,New York Wage Garnishment Laws (2027): Limits & Exemptions,8,new york wage garnishment laws,workspace/drafts/H4-judgment/new-york-wage-garnishment-laws.html,planned,
2027-01-12,Tue,W15,A,H4-judgment,spoke,pennsylvania-wage-garnishment-laws,Pennsylvania Wage Garnishment Laws (2027): Limits & Exemptions,8,pennsylvania wage garnishment laws,workspace/drafts/H4-judgment/pennsylvania-wage-garnishment-laws.html,planned,
2027-01-13,Wed,W15,A,H4-judgment,spoke,illinois-wage-garnishment-laws,Illinois Wage Garnishment Laws (2027): Limits & Exemptions,8,illinois wage garnishment laws,workspace/drafts/H4-judgment/illinois-wage-garnishment-laws.html,planned,
2027-01-14,Thu,W15,A,H4-judgment,spoke,ohio-wage-garnishment-laws,Ohio Wage Garnishment Laws (2027): Limits & Exemptions,8,ohio wage garnishment laws,workspace/drafts/H4-judgment/ohio-wage-garnishment-laws.html,planned,
2027-01-15,Fri,W15,A,H4-judgment,spoke,georgia-wage-garnishment-laws,Georgia Wage Garnishment Laws (2027): Limits & Exemptions,8,georgia wage garnishment laws,workspace/drafts/H4-judgment/georgia-wage-garnishment-laws.html,planned,
2027-01-18,Mon,W16,A,H4-judgment,spoke,north-carolina-wage-garnishment-laws,North Carolina Wage Garnishment Laws (2027): Limits & Exemptions,8,north carolina wage garnishment laws,workspace/drafts/H4-judgment/north-carolina-wage-garnishment-laws.html,planned,
2027-01-19,Tue,W16,A,H4-judgment,spoke,how-to-collect-a-small-claims-judgment-in-california,How to Collect a Small Claims Judgment in California (2027),8,collect small claims judgment california,workspace/drafts/H4-judgment/how-to-collect-a-small-claims-judgment-in-california.html,planned,
2027-01-20,Wed,W16,A,H4-judgment,spoke,how-to-collect-a-small-claims-judgment-in-texas,How to Collect a Small Claims Judgment in Texas (2027),8,collect small claims judgment texas,workspace/drafts/H4-judgment/how-to-collect-a-small-claims-judgment-in-texas.html,planned,
2027-01-21,Thu,W16,A,H4-judgment,spoke,how-to-collect-a-small-claims-judgment-in-florida,How to Collect a Small Claims Judgment in Florida (2027),8,collect small claims judgment florida,workspace/drafts/H4-judgment/how-to-collect-a-small-claims-judgment-in-florida.html,planned,
2027-01-22,Fri,W16,A,H4-judgment,spoke,how-to-collect-a-small-claims-judgment-in-new-york,How to Collect a Small Claims Judgment in New York (2027),8,collect small claims judgment new york,workspace/drafts/H4-judgment/how-to-collect-a-small-claims-judgment-in-new-york.html,planned,
2027-01-25,Mon,W17,A,H4-judgment,spoke,how-to-collect-a-small-claims-judgment-in-ohio,How to Collect a Small Claims Judgment in Ohio (2027),8,collect small claims judgment ohio,workspace/drafts/H4-judgment/how-to-collect-a-small-claims-judgment-in-ohio.html,planned,
2027-01-26,Tue,W17,A,H4-judgment,spoke,how-to-collect-a-small-claims-judgment-in-michigan,How to Collect a Small Claims Judgment in Michigan (2027),8,collect small claims judgment michigan,workspace/drafts/H4-judgment/how-to-collect-a-small-claims-judgment-in-michigan.html,planned,
2027-01-27,Wed,W17,A,H4-judgment,spoke,how-to-collect-a-small-claims-judgment-in-pennsylvania,How to Collect a Small Claims Judgment in Pennsylvania (2027),8,collect small claims judgment pennsylvania,workspace/drafts/H4-judgment/how-to-collect-a-small-claims-judgment-in-pennsylvania.html,planned,
2027-01-28,Thu,W17,A,H4-judgment,spoke,how-to-collect-a-small-claims-judgment-in-illinois,How to Collect a Small Claims Judgment in Illinois (2027),8,collect small claims judgment illinois,workspace/drafts/H4-judgment/how-to-collect-a-small-claims-judgment-in-illinois.html,planned,
2027-01-29,Fri,W17,A,H4-judgment,spoke,how-to-collect-a-small-claims-judgment-in-georgia,How to Collect a Small Claims Judgment in Georgia (2027),8,collect small claims judgment georgia,workspace/drafts/H4-judgment/how-to-collect-a-small-claims-judgment-in-georgia.html,planned,
2027-02-01,Mon,W18,B,H11-non-resident,hub,us-company-for-non-residents,How to Start a US Company as a Non-Resident (2027),8,us company for non residents,workspace/drafts/H11-non-resident/us-company-for-non-residents.html,planned,
2027-02-02,Tue,W18,B,H11-non-resident,spoke,form-5472-guide-foreign-owned-llc,Form 5472 for Foreign-Owned LLCs (2027): Avoid the $25K Penalty,8,form 5472,workspace/drafts/H11-non-resident/form-5472-guide-foreign-owned-llc.html,planned,
2027-02-03,Wed,W18,B,H11-non-resident,spoke,ein-for-non-us-residents,How to Get an EIN as a Non-US Resident (No SSN) 2027,8,ein for non us residents,workspace/drafts/H11-non-resident/ein-for-non-us-residents.html,planned,
2027-02-04,Thu,W18,B,H11-non-resident,spoke,us-llc-taxes-for-non-residents,"US LLC Taxes for Non-Residents (2027): ECI, FDAP, 1040-NR",8,us llc taxes for non residents,workspace/drafts/H11-non-resident/us-llc-taxes-for-non-residents.html,planned,
2027-02-05,Fri,W18,B,H11-non-resident,spoke,us-business-bank-account-non-resident,US Business Bank Account for Non-Residents (2027),8,us business bank account non resident,workspace/drafts/H11-non-resident/us-business-bank-account-non-resident.html,planned,
2027-02-08,Mon,W19,B,H11-non-resident,spoke,llc-vs-c-corp-for-non-residents,LLC vs C-Corp for Non-Residents (2027): Tax Compared,8,llc vs c corp for non residents,workspace/drafts/H11-non-resident/llc-vs-c-corp-for-non-residents.html,planned,
2027-02-09,Tue,W19,B,H11-non-resident,spoke,best-state-for-llc-non-residents,Best State for an LLC as a Non-Resident (2027),8,best state for llc non residents,workspace/drafts/H11-non-resident/best-state-for-llc-non-residents.html,planned,
2027-02-10,Wed,W19,B,H11-non-resident,spoke,foreign-partner-us-partnership-1446-withholding,Foreign Partners in a US Partnership: 1446 Withholding (2027),8,foreign partner us partnership,workspace/drafts/H11-non-resident/foreign-partner-us-partnership-1446-withholding.html,planned,
2027-02-11,Thu,W19,B,H11-non-resident,spoke,foreign-owned-llc-operating-agreement-template,Foreign-Owned LLC Operating Agreement Template (2027),1,foreign owned llc operating agreement,workspace/drafts/H11-non-resident/foreign-owned-llc-operating-agreement-template.html,planned,
2027-02-12,Fri,W19,B,H11-non-resident,spoke,boi-reporting-2026-non-residents,BOI Reporting After FinCEN's 2026 Final Rule: Non-Residents,8,boi reporting non residents,workspace/drafts/H11-non-resident/boi-reporting-2026-non-residents.html,planned,
2027-02-15,Mon,W20,B,H11-non-resident,spoke,itin-vs-ein-non-residents,ITIN vs EIN for Non-Residents (2027): Which Do You Need?,8,itin vs ein non resident,workspace/drafts/H11-non-resident/itin-vs-ein-non-residents.html,planned,
2027-02-16,Tue,W20,B,H11-non-resident,spoke,w-8ben-e-us-llc-payments-stripe-paypal,W-8BEN vs W-8BEN-E for a US LLC: Stripe & PayPal (2027),8,w-8ben-e us llc,workspace/drafts/H11-non-resident/w-8ben-e-us-llc-payments-stripe-paypal.html,planned,
2027-02-17,Wed,W20,B,H11-non-resident,spoke,foreign-owned-llc-annual-compliance-calendar,Foreign-Owned LLC Compliance Calendar (2027),8,foreign owned llc compliance,workspace/drafts/H11-non-resident/foreign-owned-llc-annual-compliance-calendar.html,planned,
2027-02-18,Thu,W20,B,H11-non-resident,spoke,e-2-visa-business-requirements,E-2 Visa Business Requirements (2027): Treaty Countries,8,e-2 visa business requirements,workspace/drafts/H11-non-resident/e-2-visa-business-requirements.html,planned,
2027-02-19,Fri,W20,B,H11-non-resident,spoke,how-to-open-a-us-llc-from-turkey,How to Open a US LLC from Turkey (2027),8,us llc from turkey,workspace/drafts/H11-non-resident/how-to-open-a-us-llc-from-turkey.html,planned,
2027-02-22,Mon,W21,B,H11-non-resident,spoke,how-to-open-a-us-llc-from-india,How to Open a US LLC from India (2027),8,us llc from india,workspace/drafts/H11-non-resident/how-to-open-a-us-llc-from-india.html,planned,
2027-02-23,Tue,W21,B,H11-non-resident,spoke,how-to-open-a-us-llc-from-pakistan,How to Open a US LLC from Pakistan (2027),8,us llc from pakistan,workspace/drafts/H11-non-resident/how-to-open-a-us-llc-from-pakistan.html,planned,
2027-02-24,Wed,W21,B,H11-non-resident,spoke,how-to-open-a-us-llc-from-bangladesh,How to Open a US LLC from Bangladesh (2027),8,us llc from bangladesh,workspace/drafts/H11-non-resident/how-to-open-a-us-llc-from-bangladesh.html,planned,
2027-02-25,Thu,W21,B,H11-non-resident,spoke,how-to-open-a-us-llc-from-canada,How to Open a US LLC from Canada (2027): Tax Trap,8,us llc from canada,workspace/drafts/H11-non-resident/how-to-open-a-us-llc-from-canada.html,planned,
2027-02-26,Fri,W21,B,H11-non-resident,spoke,how-to-open-a-us-llc-from-the-uk,How to Open a US LLC from the UK (2027),8,us llc from uk,workspace/drafts/H11-non-resident/how-to-open-a-us-llc-from-the-uk.html,planned,
2027-03-01,Mon,W22,B,H8-contractor,hub,contractor-license-requirements-by-state,Contractor License Requirements by State (2027),8,contractor license requirements by state,workspace/drafts/H8-contractor/contractor-license-requirements-by-state.html,planned,
2027-03-02,Tue,W22,B,H8-contractor,hub,mechanics-lien-deadlines-by-state,Mechanics Lien Deadlines by State (2027) + Calculator,8,mechanics lien deadlines by state,workspace/drafts/H8-contractor/mechanics-lien-deadlines-by-state.html,planned,
2027-03-03,Wed,W22,B,H8-contractor,spoke,california-contractor-license-requirements,California Contractor License Requirements (2027),8,california contractor license requirements,workspace/drafts/H8-contractor/california-contractor-license-requirements.html,planned,
2027-03-04,Thu,W22,B,H8-contractor,spoke,texas-contractor-license-requirements,Texas Contractor License Requirements (2027),8,texas contractor license requirements,workspace/drafts/H8-contractor/texas-contractor-license-requirements.html,planned,
2027-03-05,Fri,W22,B,H8-contractor,spoke,florida-contractor-license-requirements,Florida Contractor License Requirements (2027),8,florida contractor license requirements,workspace/drafts/H8-contractor/florida-contractor-license-requirements.html,planned,
2027-03-08,Mon,W23,B,H8-contractor,spoke,new-york-contractor-license-requirements,New York Contractor License Requirements (2027),8,new york contractor license requirements,workspace/drafts/H8-contractor/new-york-contractor-license-requirements.html,planned,
2027-03-09,Tue,W23,B,H8-contractor,spoke,arizona-contractor-license-requirements,Arizona Contractor License Requirements (2027),8,arizona contractor license requirements,workspace/drafts/H8-contractor/arizona-contractor-license-requirements.html,planned,
2027-03-10,Wed,W23,B,H8-contractor,spoke,north-carolina-contractor-license-requirements,North Carolina Contractor License Requirements (2027),8,north carolina contractor license requirements,workspace/drafts/H8-contractor/north-carolina-contractor-license-requirements.html,planned,
2027-03-11,Thu,W23,B,H8-contractor,spoke,georgia-contractor-license-requirements,Georgia Contractor License Requirements (2027),8,georgia contractor license requirements,workspace/drafts/H8-contractor/georgia-contractor-license-requirements.html,planned,
2027-03-12,Fri,W23,B,H8-contractor,spoke,california-mechanics-lien-deadlines,California Mechanics Lien Deadlines (2027),8,california mechanics lien deadlines,workspace/drafts/H8-contractor/california-mechanics-lien-deadlines.html,planned,
2027-03-15,Mon,W24,B,H8-contractor,spoke,texas-mechanics-lien-deadlines,Texas Mechanics Lien Deadlines (2027),8,texas mechanics lien deadlines,workspace/drafts/H8-contractor/texas-mechanics-lien-deadlines.html,planned,
2027-03-16,Tue,W24,B,H8-contractor,spoke,florida-mechanics-lien-deadlines,Florida Mechanics Lien Deadlines (2027),8,florida mechanics lien deadlines,workspace/drafts/H8-contractor/florida-mechanics-lien-deadlines.html,planned,
2027-03-17,Wed,W24,B,H8-contractor,spoke,new-york-mechanics-lien-deadlines,New York Mechanics Lien Deadlines (2027),8,new york mechanics lien deadlines,workspace/drafts/H8-contractor/new-york-mechanics-lien-deadlines.html,planned,
2027-03-18,Thu,W24,B,H8-contractor,spoke,pennsylvania-mechanics-lien-deadlines,Pennsylvania Mechanics Lien Deadlines (2027),8,pennsylvania mechanics lien deadlines,workspace/drafts/H8-contractor/pennsylvania-mechanics-lien-deadlines.html,planned,
2027-03-19,Fri,W24,B,H8-contractor,spoke,illinois-mechanics-lien-deadlines,Illinois Mechanics Lien Deadlines (2027),8,illinois mechanics lien deadlines,workspace/drafts/H8-contractor/illinois-mechanics-lien-deadlines.html,planned,
2027-03-22,Mon,W25,B,H6-eviction,hub,eviction-timeline-by-state,Eviction Timeline by State (2027): How Long It Takes,8,eviction timeline by state,workspace/drafts/H6-eviction/eviction-timeline-by-state.html,planned,
2027-03-23,Tue,W25,B,H6-eviction,hub,squatters-rights-by-state,Squatters' Rights by State (2027): New Removal Laws,8,squatters rights by state,workspace/drafts/H6-eviction/squatters-rights-by-state.html,planned,
2027-03-24,Wed,W25,B,H6-eviction,spoke,eviction-process-in-texas,Eviction Process in Texas (2027): Timeline & Costs,8,eviction process in texas,workspace/drafts/H6-eviction/eviction-process-in-texas.html,planned,
2027-03-25,Thu,W25,B,H6-eviction,spoke,eviction-process-in-california,Eviction Process in California (2027): Timeline & Costs,8,eviction process in california,workspace/drafts/H6-eviction/eviction-process-in-california.html,planned,
2027-03-26,Fri,W25,B,H6-eviction,spoke,eviction-process-in-florida,Eviction Process in Florida (2027): Timeline & Costs,8,eviction process in florida,workspace/drafts/H6-eviction/eviction-process-in-florida.html,planned,
2027-03-29,Mon,W26,B,H6-eviction,spoke,eviction-process-in-new-york,Eviction Process in New York (2027): Timeline & Costs,8,eviction process in new york,workspace/drafts/H6-eviction/eviction-process-in-new-york.html,planned,
2027-03-30,Tue,W26,B,H6-eviction,spoke,eviction-process-in-georgia,Eviction Process in Georgia (2027): Timeline & Costs,8,eviction process in georgia,workspace/drafts/H6-eviction/eviction-process-in-georgia.html,planned,
2027-03-31,Wed,W26,B,H6-eviction,spoke,eviction-process-in-north-carolina,Eviction Process in North Carolina (2027): Timeline & Costs,8,eviction process in north carolina,workspace/drafts/H6-eviction/eviction-process-in-north-carolina.html,planned,
2027-04-01,Thu,W26,B,H6-eviction,spoke,eviction-process-in-ohio,Eviction Process in Ohio (2027): Timeline & Costs,8,eviction process in ohio,workspace/drafts/H6-eviction/eviction-process-in-ohio.html,planned,
2027-04-02,Fri,W26,B,H6-eviction,spoke,eviction-process-in-michigan,Eviction Process in Michigan (2027): Timeline & Costs,8,eviction process in michigan,workspace/drafts/H6-eviction/eviction-process-in-michigan.html,planned,
2027-04-05,Mon,W27,B,H6-eviction,spoke,eviction-process-in-arizona,Eviction Process in Arizona (2027): Timeline & Costs,8,eviction process in arizona,workspace/drafts/H6-eviction/eviction-process-in-arizona.html,planned,
2027-04-06,Tue,W27,B,H6-eviction,spoke,squatters-rights-florida,Florida Squatters' Rights (2027): How to Remove Squatters,8,florida squatters rights,workspace/drafts/H6-eviction/squatters-rights-florida.html,planned,
2027-04-07,Wed,W27,B,H6-eviction,spoke,squatters-rights-georgia,Georgia Squatters' Rights (2027): How to Remove Squatters,8,georgia squatters rights,workspace/drafts/H6-eviction/squatters-rights-georgia.html,planned,
2027-04-08,Thu,W27,B,H6-eviction,spoke,squatters-rights-alabama,Alabama Squatters' Rights (2027): How to Remove Squatters,8,alabama squatters rights,workspace/drafts/H6-eviction/squatters-rights-alabama.html,planned,
2027-04-09,Fri,W27,B,H6-eviction,spoke,squatters-rights-tennessee,Tennessee Squatters' Rights (2027): How to Remove Squatters,8,tennessee squatters rights,workspace/drafts/H6-eviction/squatters-rights-tennessee.html,planned,
2027-04-12,Mon,W28,B,H7-rent-rules,hub,late-fee-laws-by-state,Rent Late Fee Laws by State (2027) + Checker,8,late fee laws by state,workspace/drafts/H7-rent-rules/late-fee-laws-by-state.html,planned,
2027-04-13,Tue,W28,B,H7-rent-rules,hub,rent-increase-laws-by-state,Rent Increase Laws by State (2027): Notice & Caps,8,rent increase laws by state,workspace/drafts/H7-rent-rules/rent-increase-laws-by-state.html,planned,
2027-04-14,Wed,W28,B,H7-rent-rules,spoke,washington-rent-increase-laws,Washington Rent Increase Laws (2027): Notice & Limits,8,washington rent increase laws,workspace/drafts/H7-rent-rules/washington-rent-increase-laws.html,planned,
2027-04-15,Thu,W28,B,H7-rent-rules,spoke,california-rent-increase-laws,California Rent Increase Laws (2027): Notice & Limits,8,california rent increase laws,workspace/drafts/H7-rent-rules/california-rent-increase-laws.html,planned,
2027-04-16,Fri,W28,B,H7-rent-rules,spoke,oregon-rent-increase-laws,Oregon Rent Increase Laws (2027): Notice & Limits,8,oregon rent increase laws,workspace/drafts/H7-rent-rules/oregon-rent-increase-laws.html,planned,
2027-04-19,Mon,W29,B,H7-rent-rules,spoke,new-york-rent-increase-laws,New York Rent Increase Laws (2027): Notice & Limits,8,new york rent increase laws,workspace/drafts/H7-rent-rules/new-york-rent-increase-laws.html,planned,
2027-04-20,Tue,W29,B,H7-rent-rules,spoke,new-jersey-rent-increase-laws,New Jersey Rent Increase Laws (2027): Notice & Limits,8,new jersey rent increase laws,workspace/drafts/H7-rent-rules/new-jersey-rent-increase-laws.html,planned,
2027-04-21,Wed,W29,B,H7-rent-rules,spoke,florida-rent-increase-laws,Florida Rent Increase Laws (2027): Notice & Limits,8,florida rent increase laws,workspace/drafts/H7-rent-rules/florida-rent-increase-laws.html,planned,
2027-04-22,Thu,W29,B,H7-rent-rules,spoke,texas-rent-increase-laws,Texas Rent Increase Laws (2027): Notice & Limits,8,texas rent increase laws,workspace/drafts/H7-rent-rules/texas-rent-increase-laws.html,planned,
2027-04-23,Fri,W29,B,H7-rent-rules,spoke,illinois-rent-increase-laws,Illinois Rent Increase Laws (2027): Notice & Limits,8,illinois rent increase laws,workspace/drafts/H7-rent-rules/illinois-rent-increase-laws.html,planned,
2027-04-26,Mon,W30,B,H7-rent-rules,spoke,massachusetts-rent-increase-laws,Massachusetts Rent Increase Laws (2027): Notice & Limits,8,massachusetts rent increase laws,workspace/drafts/H7-rent-rules/massachusetts-rent-increase-laws.html,planned,
2027-04-27,Tue,W30,B,H7-rent-rules,spoke,colorado-rent-increase-laws,Colorado Rent Increase Laws (2027): Notice & Limits,8,colorado rent increase laws,workspace/drafts/H7-rent-rules/colorado-rent-increase-laws.html,planned,
2027-04-28,Wed,W30,B,H7-rent-rules,spoke,texas-rent-late-fee-laws,Texas Rent Late Fee Laws (2027): Max Fee & Grace Period,8,texas rent late fee laws,workspace/drafts/H7-rent-rules/texas-rent-late-fee-laws.html,planned,
2027-04-29,Thu,W30,B,H7-rent-rules,spoke,florida-rent-late-fee-laws,Florida Rent Late Fee Laws (2027): Max Fee & Grace Period,8,florida rent late fee laws,workspace/drafts/H7-rent-rules/florida-rent-late-fee-laws.html,planned,
2027-04-30,Fri,W30,B,H7-rent-rules,spoke,california-rent-late-fee-laws,California Rent Late Fee Laws (2027): Max Fee & Grace Period,8,california rent late fee laws,workspace/drafts/H7-rent-rules/california-rent-late-fee-laws.html,planned,
2027-05-03,Mon,W31,B,H5-wills,hub,will-requirements-by-state,Will Requirements by State (2027): Witnesses & Notary,7,will requirements by state,workspace/drafts/H5-wills/will-requirements-by-state.html,planned,
2027-05-04,Tue,W31,B,H5-wills,hub,electronic-wills-by-state,Electronic Wills by State (2027): Where E-Wills Are Legal,7,electronic wills by state,workspace/drafts/H5-wills/electronic-wills-by-state.html,planned,
2027-05-05,Wed,W31,B,H5-wills,spoke,how-to-make-a-will-in-california,How to Make a Will in California (2027): Legal Requirements,7,how to make a will in california,workspace/drafts/H5-wills/how-to-make-a-will-in-california.html,planned,
2027-05-06,Thu,W31,B,H5-wills,spoke,how-to-make-a-will-in-texas,How to Make a Will in Texas (2027): Legal Requirements,7,how to make a will in texas,workspace/drafts/H5-wills/how-to-make-a-will-in-texas.html,planned,
2027-05-07,Fri,W31,B,H5-wills,spoke,how-to-make-a-will-in-florida,How to Make a Will in Florida (2027): Legal Requirements,7,how to make a will in florida,workspace/drafts/H5-wills/how-to-make-a-will-in-florida.html,planned,
2027-05-10,Mon,W32,B,H5-wills,spoke,how-to-make-a-will-in-new-york,How to Make a Will in New York (2027): Legal Requirements,7,how to make a will in new york,workspace/drafts/H5-wills/how-to-make-a-will-in-new-york.html,planned,
2027-05-11,Tue,W32,B,H5-wills,spoke,how-to-make-a-will-in-pennsylvania,How to Make a Will in Pennsylvania (2027): Legal Requirements,7,how to make a will in pennsylvania,workspace/drafts/H5-wills/how-to-make-a-will-in-pennsylvania.html,planned,
2027-05-12,Wed,W32,B,H5-wills,spoke,how-to-make-a-will-in-illinois,How to Make a Will in Illinois (2027): Legal Requirements,7,how to make a will in illinois,workspace/drafts/H5-wills/how-to-make-a-will-in-illinois.html,planned,
2027-05-13,Thu,W32,B,H5-wills,spoke,how-to-make-a-will-in-ohio,How to Make a Will in Ohio (2027): Legal Requirements,7,how to make a will in ohio,workspace/drafts/H5-wills/how-to-make-a-will-in-ohio.html,planned,
2027-05-14,Fri,W32,B,H5-wills,spoke,how-to-make-a-will-in-georgia,How to Make a Will in Georgia (2027): Legal Requirements,7,how to make a will in georgia,workspace/drafts/H5-wills/how-to-make-a-will-in-georgia.html,planned,
2027-05-17,Mon,W33,B,H5-wills,spoke,how-to-make-a-will-in-north-carolina,How to Make a Will in North Carolina (2027): Legal Requirements,7,how to make a will in north carolina,workspace/drafts/H5-wills/how-to-make-a-will-in-north-carolina.html,planned,
2027-05-18,Tue,W33,B,H5-wills,spoke,how-to-make-a-will-in-michigan,How to Make a Will in Michigan (2027): Legal Requirements,7,how to make a will in michigan,workspace/drafts/H5-wills/how-to-make-a-will-in-michigan.html,planned,
2027-05-19,Wed,W33,B,H5-wills,spoke,how-to-make-a-will-in-new-jersey,How to Make a Will in New Jersey (2027): Legal Requirements,7,how to make a will in new jersey,workspace/drafts/H5-wills/how-to-make-a-will-in-new-jersey.html,planned,
2027-05-20,Thu,W33,B,H5-wills,spoke,how-to-make-a-will-in-virginia,How to Make a Will in Virginia (2027): Legal Requirements,7,how to make a will in virginia,workspace/drafts/H5-wills/how-to-make-a-will-in-virginia.html,planned,
2027-05-21,Fri,W33,B,H5-wills,spoke,holographic-wills-by-state,Holographic (Handwritten) Wills by State (2027),7,holographic wills by state,workspace/drafts/H5-wills/holographic-wills-by-state.html,planned,
2027-05-31,Mon,W35,B,H9-non-compete,hub,non-compete-laws-by-state,Non-Compete Laws by State (2027): Bans & Limits,8,non compete laws by state,workspace/drafts/H9-non-compete/non-compete-laws-by-state.html,planned,
2027-06-01,Tue,W35,B,H9-non-compete,spoke,california-non-compete-laws,California Non-Compete Laws (2027): Are They Enforceable?,8,california non compete laws,workspace/drafts/H9-non-compete/california-non-compete-laws.html,planned,
2027-06-02,Wed,W35,B,H9-non-compete,spoke,texas-non-compete-laws,Texas Non-Compete Laws (2027): Are They Enforceable?,8,texas non compete laws,workspace/drafts/H9-non-compete/texas-non-compete-laws.html,planned,
2027-06-03,Thu,W35,B,H9-non-compete,spoke,florida-non-compete-laws,Florida Non-Compete Laws (2027): Are They Enforceable?,8,florida non compete laws,workspace/drafts/H9-non-compete/florida-non-compete-laws.html,planned,
2027-06-04,Fri,W35,B,H9-non-compete,spoke,new-york-non-compete-laws,New York Non-Compete Laws (2027): Are They Enforceable?,8,new york non compete laws,workspace/drafts/H9-non-compete/new-york-non-compete-laws.html,planned,
2027-06-07,Mon,W36,B,H9-non-compete,spoke,virginia-non-compete-laws,Virginia Non-Compete Laws (2027): Are They Enforceable?,8,virginia non compete laws,workspace/drafts/H9-non-compete/virginia-non-compete-laws.html,planned,
2027-06-08,Tue,W36,B,H9-non-compete,spoke,wyoming-non-compete-laws,Wyoming Non-Compete Laws (2027): Are They Enforceable?,8,wyoming non compete laws,workspace/drafts/H9-non-compete/wyoming-non-compete-laws.html,planned,
2027-06-09,Wed,W36,B,H9-non-compete,spoke,minnesota-non-compete-laws,Minnesota Non-Compete Laws (2027): Are They Enforceable?,8,minnesota non compete laws,workspace/drafts/H9-non-compete/minnesota-non-compete-laws.html,planned,
2027-06-10,Thu,W36,B,H9-non-compete,spoke,illinois-non-compete-laws,Illinois Non-Compete Laws (2027): Are They Enforceable?,8,illinois non compete laws,workspace/drafts/H9-non-compete/illinois-non-compete-laws.html,planned,
2027-06-11,Fri,W36,B,H9-non-compete,spoke,washington-non-compete-laws,Washington Non-Compete Laws (2027): Are They Enforceable?,8,washington non compete laws,workspace/drafts/H9-non-compete/washington-non-compete-laws.html,planned,
2027-06-14,Mon,W37,B,H9-non-compete,spoke,colorado-non-compete-laws,Colorado Non-Compete Laws (2027): Are They Enforceable?,8,colorado non compete laws,workspace/drafts/H9-non-compete/colorado-non-compete-laws.html,planned,
2027-06-15,Tue,W37,B,H9-non-compete,spoke,massachusetts-non-compete-laws,Massachusetts Non-Compete Laws (2027): Are They Enforceable?,8,massachusetts non compete laws,workspace/drafts/H9-non-compete/massachusetts-non-compete-laws.html,planned,
2027-06-16,Wed,W37,B,H9-non-compete,spoke,georgia-non-compete-laws,Georgia Non-Compete Laws (2027): Are They Enforceable?,8,georgia non compete laws,workspace/drafts/H9-non-compete/georgia-non-compete-laws.html,planned,
2027-06-17,Thu,W37,B,H9-non-compete,spoke,oklahoma-non-compete-laws,Oklahoma Non-Compete Laws (2027): Are They Enforceable?,8,oklahoma non compete laws,workspace/drafts/H9-non-compete/oklahoma-non-compete-laws.html,planned,
2027-06-18,Fri,W37,B,H9-non-compete,spoke,non-compete-vs-non-solicitation,Non-Compete vs Non-Solicitation Agreements (2027),8,non compete vs non solicitation,workspace/drafts/H9-non-compete/non-compete-vs-non-solicitation.html,planned,
2027-06-21,Mon,W38,B,H10-employer,hub,final-paycheck-laws-by-state,Final Paycheck Laws by State (2027) + Deadline Checker,8,final paycheck laws by state,workspace/drafts/H10-employer/final-paycheck-laws-by-state.html,planned,
2027-06-22,Tue,W38,B,H10-employer,hub,paid-sick-leave-laws-by-state,Paid Sick Leave Laws by State (2027),8,paid sick leave laws by state,workspace/drafts/H10-employer/paid-sick-leave-laws-by-state.html,planned,
2027-06-23,Wed,W38,B,H10-employer,spoke,california-final-paycheck-law,California Final Paycheck Law (2027): Deadlines & Penalties,8,california final paycheck law,workspace/drafts/H10-employer/california-final-paycheck-law.html,planned,
2027-06-24,Thu,W38,B,H10-employer,spoke,texas-final-paycheck-law,Texas Final Paycheck Law (2027): Deadlines & Penalties,8,texas final paycheck law,workspace/drafts/H10-employer/texas-final-paycheck-law.html,planned,
2027-06-25,Fri,W38,B,H10-employer,spoke,florida-final-paycheck-law,Florida Final Paycheck Law (2027): Deadlines & Penalties,8,florida final paycheck law,workspace/drafts/H10-employer/florida-final-paycheck-law.html,planned,
2027-06-28,Mon,W39,B,H10-employer,spoke,new-york-final-paycheck-law,New York Final Paycheck Law (2027): Deadlines & Penalties,8,new york final paycheck law,workspace/drafts/H10-employer/new-york-final-paycheck-law.html,planned,
2027-06-29,Tue,W39,B,H10-employer,spoke,illinois-final-paycheck-law,Illinois Final Paycheck Law (2027): Deadlines & Penalties,8,illinois final paycheck law,workspace/drafts/H10-employer/illinois-final-paycheck-law.html,planned,
2027-06-30,Wed,W39,B,H10-employer,spoke,pennsylvania-final-paycheck-law,Pennsylvania Final Paycheck Law (2027): Deadlines & Penalties,8,pennsylvania final paycheck law,workspace/drafts/H10-employer/pennsylvania-final-paycheck-law.html,planned,
2027-07-01,Thu,W39,B,H10-employer,spoke,ohio-final-paycheck-law,Ohio Final Paycheck Law (2027): Deadlines & Penalties,8,ohio final paycheck law,workspace/drafts/H10-employer/ohio-final-paycheck-law.html,planned,
2027-07-02,Fri,W39,B,H10-employer,spoke,georgia-final-paycheck-law,Georgia Final Paycheck Law (2027): Deadlines & Penalties,8,georgia final paycheck law,workspace/drafts/H10-employer/georgia-final-paycheck-law.html,planned,
2027-07-05,Mon,W40,B,H10-employer,spoke,north-carolina-final-paycheck-law,North Carolina Final Paycheck Law (2027): Deadlines & Penalties,8,north carolina final paycheck law,workspace/drafts/H10-employer/north-carolina-final-paycheck-law.html,planned,
2027-07-06,Tue,W40,B,H10-employer,spoke,michigan-final-paycheck-law,Michigan Final Paycheck Law (2027): Deadlines & Penalties,8,michigan final paycheck law,workspace/drafts/H10-employer/michigan-final-paycheck-law.html,planned,
2027-07-07,Wed,W40,B,H10-employer,spoke,washington-final-paycheck-law,Washington Final Paycheck Law (2027): Deadlines & Penalties,8,washington final paycheck law,workspace/drafts/H10-employer/washington-final-paycheck-law.html,planned,
2027-07-08,Thu,W40,B,H10-employer,spoke,pto-payout-laws-by-state,PTO Payout Laws by State (2027),8,pto payout laws by state,workspace/drafts/H10-employer/pto-payout-laws-by-state.html,planned,
2027-07-09,Fri,W40,B,H10-employer,spoke,employer-wont-pay-final-paycheck-what-to-do,Employer Won't Pay Your Final Paycheck? What to Do (2027),8,employer won't pay final paycheck,workspace/drafts/H10-employer/employer-wont-pay-final-paycheck-what-to-do.html,planned,
