code,state,limit_usd,entity_limit_usd,limit_text,other_limits,court,fee_text,fee_min,fee_max,fee_tiers,statute,source_url,changed,verified_date,notes
AL,Alabama,6000,,"$6,000",,District Court small claims docket,Set by statute/county; ask the clerk,,,,Ala. Code §12-12-31,https://judicial.alabama.gov/docs/library/docs/smguide.pdf,,2026-09-26,
AK,Alaska,10000,,"$10,000",,District Court,"$50 (claims ≤$2,500); $100 (over $2,500)",50,100,2500:50|:100,AS 22.15.040,https://public.courts.alaska.gov/web/forms/docs/sc-95.pdf,,2026-09-26,
AZ,Arizona,5000,,"$5,000",,Justice Court small claims division,Set by court fee schedule,,,,A.R.S. §22-503,https://www.azleg.gov/legtext/57leg/1R/summary/S.1022JUDE_ASPASSEDHOUSE.DOCX.htm,"2025: raised from $3,500 (SB 1022, Laws 2025 ch. 94)",2026-09-26,Lawyers only with written consent of all parties (§22-512); no appeal (§22-519)
AR,Arkansas,5000,,"$5,000",,District Court small claims division,Usually $30–$65 (varies by court),30,65,,Ark. Code §16-17-704,https://arcourts.gov/courts/district-courts,,2026-09-26,
CA,California,12500,6250,"$12,500 (individuals)","$6,250 businesses and other entities",Superior Court small claims,$30 / $50 / $75 by claim size,30,75,1500:30|5000:50|:75,Cal. Civ. Proc. Code §116.220–116.221,https://selfhelp.courts.ca.gov/small-claims-california,"2024: raised from $10,000 for individuals",2026-09-26,"No more than two claims over $2,500 per calendar year"
CO,Colorado,7500,,"$7,500",,County Court small claims,$31 (≤$500); $55 (over $500),31,55,500:31|:55,C.R.S. §13-6-403,https://www.coloradojudicial.gov/self-help/cases-7500-or-less,,2026-09-26,
CT,Connecticut,5000,,"$5,000","$15,000 home-improvement contracts; security deposits",Superior Court small claims session,$95,95,95,,Conn. Gen. Stat. §51-15(d),https://www.jud.ct.gov/faq/smallclaims.html,,2026-09-26,
DE,Delaware,25000,,"$25,000",,Justice of the Peace Court (civil),Set by JP Court fee schedule,,,,10 Del. C. §9301,https://www.courts.delaware.gov/jpcourt/jurisdiction.aspx,,2026-09-26,
DC,District of Columbia,10000,,"$10,000",,Superior Court Small Claims Branch,Set by court fee schedule,,,,D.C. Code §11-1321,https://www.dccourts.gov/superior-court/superior-court-divisions/civil-division/small-claims,,2026-09-26,"Counterclaims are not limited to $10,000"
FL,Florida,8000,,"$8,000",,County Court (small claims rules),$55 / $80 / $175 / $300 by claim size,55,300,100:55|500:80|2500:175|:300,Fla. Sm. Cl. R. 7.010; Fla. Stat. §34.041,https://www.miamidadeclerk.gov/clerk/small-claims.page,,2026-09-26,
GA,Georgia,15000,,"$15,000",,Magistrate Court,Set by county,,,,O.C.G.A. §15-10-2,https://www.gwinnettcourts.com/magistrate/civil-jurisdiction-faqs,,2026-09-26,
HI,Hawaii,5000,,"$5,000",No limit for residential security-deposit claims,District Court small claims division,$35,35,35,,HRS §633-27,https://www.courts.state.hi.us/self-help/small_claims_info,,2026-09-26,
ID,Idaho,15000,,"$15,000",,Magistrate Division small claims department,Set by statute; ask the clerk,,,,Idaho Code §1-2301,https://legislature.idaho.gov/statutesrules/idstat/title1/t1ch23/sect1-2301/,"July 1, 2026: raised from $5,000 (S 1330, 2026 ch. 196)",2026-09-26,No lawyers (§1-2308)
IL,Illinois,10000,,"$10,000",,Circuit Court small claims,Set by county,,,,Ill. S. Ct. Rule 281,https://www.illinoiscourts.gov/rules/supreme-court-rules?a=iv,,2026-09-26,
IN,Indiana,10000,,"$10,000","$8,000 in Marion County township small claims courts",Circuit/Superior Court small claims docket,Set by county,,,,IC 33-29-2-4; IC 33-34-3-2,https://law.justia.com/codes/indiana/title-33/article-29/chapter-2/section-33-29-2-4/,,2026-09-26,
IA,Iowa,6500,,"$6,500",,District Court small claims,$115,115,115,,Iowa Code §631.1,https://www.iowacourts.gov/for-the-public/representing-yourself/small-claims,,2026-09-26,
KS,Kansas,10000,,"$10,000",,District Court small claims,Set by statute; ask the clerk,,,,K.S.A. §61-2703,https://ksrevisor.gov/statutes/chapters/ch61/061_027_0003.html,"July 1, 2024: raised from $4,000 (L. 2024 ch. 22)",2026-09-26,Lawyers only with court leave or if the other side has one (§61-2707)
KY,Kentucky,2500,,"$2,500",,District Court small claims division,Set by statute; ask the clerk,,,,KRS 24A.230,https://apps.legislature.ky.gov/law/statutes/statute.aspx?id=39856,,2026-09-26,
LA,Louisiana,5000,,"$5,000 (justice of the peace and city court small claims)",City courts' general civil limits run higher,Justice of the Peace / City Court small claims division,Set by parish/court,,,,La. R.S. 13:5202,https://legis.la.gov/legis/Law.aspx?d=77965,,2026-09-26,
ME,Maine,10000,,"$10,000",,District Court small claims,"$50 (≤$4,500); $120 (over $4,500)",50,120,4500:50|:120,14 M.R.S. §7482,https://www.mainelegislature.org/legis/statutes/14/title14sec7482.html,"Jan. 1, 2026: raised from $6,000 (PL 2025 c. 261)",2026-09-26,
MD,Maryland,5000,,"$5,000",,District Court small claims,$44,44,44,,Md. Code Cts. & Jud. Proc. §4-405,https://www.mdcourts.gov/sites/default/files/court-forms/dca109.pdf,,2026-09-26,
MA,Massachusetts,7000,,"$7,000",No cap for motor-vehicle property damage,District Court / Boston Municipal Court small claims,$40–$150 by claim size,40,150,500:40|2000:50|5000:100|:150,M.G.L. c. 218 §21,https://www.mass.gov/info-details/find-out-if-youre-eligible-to-file-a-small-claim,,2026-09-26,
MI,Michigan,7000,,"$7,000",,District Court small claims division,Set by statute by claim size,,,,MCL 600.8401,https://www.legislature.mi.gov/Laws/MCL?objectName=mcl-600-8401,"2024: raised from $6,500",2026-09-26,No lawyers; no appeal from a judge's decision
MN,Minnesota,20000,,"$20,000","$4,000 consumer-credit claims",District Court conciliation court,Set by statute; ask the clerk,,,,Minn. Stat. §491A.01,https://www.revisor.mn.gov/statutes/cite/491a.01,"Aug. 1, 2024: raised from $15,000",2026-09-26,
MS,Mississippi,3500,,"$3,500",,Justice Court,Set by county,,,,Miss. Code §9-11-9,https://courts.ms.gov/trialcourts/justicecourt/justicecourt.php,,2026-09-26,
MO,Missouri,5000,,"$5,000",,Circuit Court small claims,Set by statute; ask the clerk,,,,RSMo §482.305,https://revisor.mo.gov/main/OneSection.aspx?section=482.305,,2026-09-26,
MT,Montana,7000,,"$7,000",,Justice Court small claims,Set by statute; ask the clerk,,,,MCA §25-35-502,https://mca.legmt.gov/bills/mca/title_0250/chapter_0350/part_0050/section_0020/0250-0350-0050-0020.html,,2026-09-26,
NE,Nebraska,7500,,"$7,500",,County Court small claims,Set by statute; ask the clerk,,,,Neb. Rev. Stat. §25-2802,https://supremecourt.nebraska.gov/self-help/small-claims,"July 1, 2025: raised from $3,900 (5-year CPI adjustment)",2026-09-26,No lawyers
NV,Nevada,10000,,"$10,000",,Justice Court small claims,Set by court,,,,NRS 73.010,https://www.leg.state.nv.us/NRS/NRS-073.html,,2026-09-26,
NH,New Hampshire,10000,,"$10,000",,Circuit Court District Division small claims,"$125 (≤$5,000); $180 (over $5,000)",125,180,5000:125|:180,RSA 503:1,https://gc.nh.gov/rsa/html/li/503/503-1.htm,,2026-09-26,"Mandatory mediation over $5,000; e-filing required"
NJ,New Jersey,5000,,"$5,000","Special Civil Part up to $20,000",Superior Court Special Civil Part — Small Claims,Set by court fee schedule,,,,N.J. Ct. R. 6:1-2,https://www.njcourts.gov/self-help/small-claims-court,,2026-09-26,"Security-deposit claims also up to $5,000"
NM,New Mexico,10000,,"$10,000",,Magistrate Court / Bernalillo Metropolitan Court,Set by court,,,,NMSA §35-3-3,https://law.justia.com/codes/new-mexico/chapter-35/article-3/section-35-3-3/,,2026-09-26,
NY,New York,10000,,"$10,000 (NYC Civil Court)","$5,000 city and district courts; $3,000 town and village courts",Civil / City / District / Town & Village Courts,"$15 (≤$1,000); $20 (over $1,000)",15,20,1000:15|:20,N.Y. City Civ. Ct. Act §1801; UCCA §1801,https://portal.311.nyc.gov/article/?kanumber=KA-03006,,2026-09-26,
NC,North Carolina,10000,,"$10,000",Some counties assign a lower amount,District Court (magistrate) small claims,$96,96,96,,N.C.G.S. §7A-210,https://www.nccourts.gov/help-topics/lawsuits-and-small-claims/small-claims,,2026-09-26,Sheriff service about $30 per defendant
ND,North Dakota,15000,,"$15,000",,District Court small claims,Set by statute; ask the clerk,,,,N.D.C.C. §27-08.1-01,https://www.ndcourts.gov/legal-self-help/small-claims,,2026-09-26,
OH,Ohio,6000,,"$6,000",,Municipal/County Court small claims division,Set by court,,,,Ohio Rev. Code §1925.02,https://codes.ohio.gov/ohio-revised-code/section-1925.02,,2026-09-26,
OK,Oklahoma,10000,,"$10,000",,District Court small claims,Set by county,,,,12 O.S. §1751,https://www.oscn.net/applications/oscn/DeliverDocument.asp?CiteID=438809,,2026-09-26,
OR,Oregon,10000,,"$10,000",Claims of $750 or less must use small claims,Circuit Court small claims department,Set by statute (ORS 46.570),,,,ORS 46.405,https://oregon.public.law/statutes/ors_46.405,,2026-09-26,No lawyers without the judge's consent
PA,Pennsylvania,12000,,"$12,000","Philadelphia Municipal Court also $12,000",Magisterial District Court / Philadelphia Municipal Court,Set by statewide cost table plus county fees,,,,42 Pa.C.S. §1515(a)(3),https://www.pacourts.us/Storage/media/pdfs/20241024/175327-2025costtable-forcommunications.pdf,,2026-09-26,
RI,Rhode Island,5000,,"$5,000",,District Court small claims,Set by court,,,,R.I. Gen. Laws §10-16-1,https://webserver.rilegislature.gov/Statutes/TITLE10/10-16/10-16-1.htm,"Jan. 1, 2026: counterclaim limit raised to $5,000",2026-09-26,
SC,South Carolina,7500,,"$7,500",,Magistrate Court,Set by county,,,,S.C. Code §22-3-10,https://www.scstatehouse.gov/code/t22c003.php,,2026-09-26,"Bill S. 251 (to $15,000) pending in committee"
SD,South Dakota,12000,,"$12,000",,Magistrate Court small claims,Tiered by claim (UJS fee calculator),,,,SDCL 16-12C-13; 15-39-45.1,https://ujs.sd.gov/self-help/civil-law-help/small-claims/,,2026-09-26,
TN,Tennessee,25000,,"$25,000",No limit for eviction and recovery of personal property,General Sessions Court,Set by county,,,,Tenn. Code §16-15-501,https://www.ctas.tennessee.edu/eli/jurisdiction-general-sessions-court,,2026-09-26,
TX,Texas,20000,,"$20,000",,Justice Court small claims,$54 filing fee (plus service),54,54,,Tex. Gov't Code §27.031; TRCP 500.3,https://sll.texas.gov/faqs/small-claims-maximum,,2026-09-26,
UT,Utah,20000,,"$20,000",,Justice Court / District Court small claims,$60–$185 by claim size,60,185,,Utah Code §78A-8-102,https://www.utcourts.gov/en/self-help/case-categories/consumer/small-claims.html,"Jan. 1, 2025: raised from $15,000 (statutory step through 2029)",2026-09-26,Limit includes attorney fees
VT,Vermont,10000,,"$10,000","$5,000 for consumer-credit and medical debt",Superior Court Civil Division small claims,Set by statute,,,,12 V.S.A. §5531,https://legislature.vermont.gov/statutes/section/12/187/05531/,,2026-09-26,
VA,Virginia,5000,,"$5,000",,General District Court small claims division,Set by statute,,,,Va. Code §16.1-122.2,https://law.lis.virginia.gov/vacode/title16.1/chapter4.1/section16.1-122.2/,,2026-09-26,HB 364 (2026) would raise it; not enacted as of Sept. 2026
WA,Washington,10000,5000,"$10,000 (individuals)","$5,000 businesses and other entities",District Court small claims department,Set by county district court,,,,RCW 12.40.010,https://app.leg.wa.gov/RCW/default.aspx?cite=12.40.010,,2026-09-26,No lawyers without the judge's permission
WV,West Virginia,20000,,"$20,000",,Magistrate Court,Tiered by claim size (W. Va. Code §50-3-1),,,,W. Va. Code §50-2-1,https://code.wvlegislature.gov/50-2-1/,"2025: raised from $10,000 (HB 2761)",2026-09-26,
WI,Wisconsin,10000,,"$10,000 ($15,000 from Jan. 1, 2027)","$5,000 tort and personal-injury claims",Circuit Court small claims,Set by statute plus county charges,,,,Wis. Stat. §799.01,https://docs.legis.wisconsin.gov/statutes/statutes/799/01,"Jan. 1, 2027: rises to $15,000 (2025 Wis. Act 105)",2026-09-26,
WY,Wyoming,6000,,"$6,000",,Circuit Court small claims,$10,10,10,,W.S. §1-21-201,https://www.wyocourts.gov/legal-help-by-topic/small-claims/,,2026-09-26,
